id,URL,isnad,notes
1,https://sunnah.com/bukhari:212,"1, 53, 10511, 11065, 20001",
2,https://sunnah.com/bukhari:1877,"1, 9, 53",
3,https://sunnah.com/ibnmajah:3841,"1, 53, 13",
4,https://sunnah.com/nasai:1857,"1, 53, 17",
5,https://sunnah.com/nasai:1856,"1, 53, 11455",
6,https://sunnah.com/tirmidhi:1866,"1, 53, 10535",
7,https://sunnah.com/bukhari:3368,"1, 53, 18",
8,https://sunnah.com/muslim:332a,"1, 53, 2802, 11565",
9,https://sunnah.com/abudawud:279,"1, 59, 53,  10511",
10,https://sunnah.com/bukhari:7287,"1, 53, 70, 10526, 11065, 20001",
11,https://sunnah.com/muslim:261a,"1, 53, 106",
12,https://sunnah.com/muslim:1211z,"1, 53, 2802, 11255",
13,https://sunnah.com/ibnmajah:2479,"1, 53, 11455, 4109",
14,https://sunnah.com/bukhari:2875,"1, 53, 10504, 11723, 20012",
15,https://sunnah.com/muslim:1154a,"1, 53, 10504, 11863",
16,https://sunnah.com/bukhari:327,"1, 53, 11455, 11013",
17,https://sunnah.com/muslim:297a,"1, 53, 11455, 10511, 11013",
18,https://sunnah.com/bukhari:2879,"1, 53, 11002, 11013",
19,https://sunnah.com/bukhari:334,"1, 53, 10535, 10530, 20001",
20,https://sunnah.com/bukhari/25,"1, 53, 10535, 11555",
21,https://sunnah.com/bukhari:1032,"1, 53, 10535, 11014, 11201",
22,https://sunnah.com/bukhari:242,"1, 53, 10567, 11013",
23,https://sunnah.com/bukhari:382,"1, 53, 10567, 11164, 20001",
24,https://sunnah.com/bukhari:1147,"1, 53, 10567, 11168, 20001",
25,https://sunnah.com/muslim:2005b,"1, 53, 10737, 11016",
26,https://sunnah.com/abudawud:1831,"1, 53, 11811, 18, 11011, 11107",
27,https://sunnah.com/abudawud:1187,"1, 53, 10511, 11065, 11107",
28,https://sunnah.com/nasai:2364,"1, 53, 18400, 11394",
29,https://sunnah.com/muslim:418e,"1, 53, 11818, 11013",
30,https://sunnah.com/bukhari:1579,"1, 53, 10511, 11065, 20377, 20029, 30007",
31,https://sunnah.com/bukhari:922,"1, 53, 70, 10526, 11065, 20318",
33,https://sunnah.com/nasai:422,"1, 3, 53, 10567",
34,https://sunnah.com/bukhari:618,"1, 54, 18, 11014, 20001",
35,https://sunnah.com/nasai:2337,"1, 54, 18, 11818, 11013",
36,https://sunnah.com/bukhari:1121,"1, 54, 18, 11011, 11013",
37,https://sunnah.com/ibnmajah:4281,"1, 54, 1293, 34",
38,https://sunnah.com/nasai:2880,"1, 54, 487, 13005",
39,https://sunnah.com/nasai:1765,"1, 54, 2802, 11014",
40,https://sunnah.com/tirmidhi:373,"1, 54, 5295, 3048, 11013, 20001",
41,https://sunnah.com/abudawud:32,"1, 54, 4109, 11396",
42,https://sunnah.com/muslim:1107a,"1, 54, 10773",
43,https://sunnah.com/muslim:1490c,"1, 54, 11811, 11014",
44,https://sunnah.com/nasai:2339,"1, 54, 11818, 11013",
45,https://sunnah.com/abudawud:2451,"1, 54, 18400",
46,https://sunnah.com/bukhari:298,"1, 56, 244, 10567",
47,https://sunnah.com/bukhari:282,"1, 56, 244, 10511, 11065, 20001",
48,https://sunnah.com/abudawud:4101,"1, 56, 2802",
49,https://sunnah.com/ibnmajah:3413,"1, 56, 10520, 11819, 11014",
50,https://sunnah.com/tirmidhi:1152,"1, 56, 10526, 11065",
51,https://sunnah.com/abudawud:2336,"1, 56, 10567",
52,https://sunnah.com/muslim:2916c,"1, 56, 10737, 11016",
53,https://sunnah.com/nasai:3504,"1, 56, 11811, 11014",
54,https://sunnah.com/abudawud:1999,"1, 56, 244, 10994, 11107",
55,https://sunnah.com/riyadussalihin:1489,"1, 56, 11044",
56,https://sunnah.com/ibnmajah:638,"1, 59, 27, 398, 16165, 11411, 11107",
57,https://sunnah.com/bukhari:3346,"1, 57, 59, 244, 10511, 11013",
58,https://sunnah.com/bukhari:427,"1, 56, 53, 10511, 11065",
59,https://sunnah.com/bukhari:427,"1, 59, 53, 10511, 11065",
60,https://sunnah.com/abudawud:2554,"1, 59, 11011, 11014",
61,https://sunnah.com/tirmidhi:415,"1, 59, 846, 11394, 20012",
62,https://sunnah.com/nasai:1800,"1, 59, 11044",
63,https://sunnah.com/ibnmajah:2987,"1, 2805, 2802",
64,https://sunnah.com/abudawud:92,"1, 53, 2802, 11019",
65,https://sunnah.com/abudawud:1878,"1, 2802, 11200, 11215, 11107",
66,https://sunnah.com/nasai:949,"1, 1259, 11455",
67,https://sunnah.com/nasai:3462,"1, 1264, 11455, 11062, 20001",
68,https://sunnah.com/bukhari:227,"1, 70, 10526, 11065",
69,https://sunnah.com/bukhari:1235,"1, 53, 70, 10526, 11065, 20012",
70,https://sunnah.com/abudawud:360,"1, 70, 10526, 11107",
71,https://sunnah.com/bukhari:2830,"1, 19, 11039",
72,https://sunnah.com/bukhari:1262,"1, 71, 11039, 11065, 20012",
73,https://sunnah.com/tirmidhi:658,"1, 5068, 19958, 11039",
74,https://sunnah.com/bukhari:5341,"1, 71, 11039, 11015, 20022",
75,https://sunnah.com/muslim:939b,"1, 71, 11039, 11035, 11015",
76,https://sunnah.com/ibnmajah:3882,"1, 69, 108, 11010, 22693, 20166 ",
77,https://sunnah.com/abudawud:296,"1, 69, 10511, 11013",
78,https://sunnah.com/nasai:2663,"1, 69, 10535, 10530, 20001",
79,https://sunnah.com/ibnmajah:1611,"1, 69, 19555, 19556, 11104, 11107",
80,https://sunnah.com/bukhari:1373,"1, 70, 10511, 11013",
81,https://sunnah.com/bukhari:2620,"1, 70, 10511, 11065",
82,https://sunnah.com/muslim:2762b,"1, 70, 10511, 10567",
83,https://sunnah.com/abudawud:1818,"1, 70, 11250, 19826, 11107, 20102, 30007 ",
84,https://sunnah.com/ibnmajah:3701,"1, 84, 11044",
85,https://sunnah.com/abudawud:2281,"1, 84, 17066, 17532",
86,https://sunnah.com/tirmidhi:1939,"1, 84, 11044, 10644, 20012",
87,https://sunnah.com/muslim:2916a,"1, 56, 10737, 11287",
88,https://sunnah.com/bukhari:1253,"1, 71, 11035, 11015, 20001",
89,https://sunnah.com/abudawud:307,"1, 71, 11039, 11019, 20022",
90,https://sunnah.com/muslim:1076,"1, 53, 71, 11039, 11282",
91,https://sunnah.com/bukhari:7215,"1, 71, 11039, 11015, 20258",
92,https://sunnah.com/ibnmajah:3792,"1, 13, 11457",
93,https://sunnah.com/abudawud:4919,"1, 37, 11457, 11011",
94,https://sunnah.com/abudawud:429,"1, 37, 11457, 10683, 11019",
95,https://sunnah.com/nasai:2255,"1, 5250, 11457, 10920, 11013, 20012",
96,https://sunnah.com/ibnmajah:4034,"1, 37, 11457, 11044",
97,https://sunnah.com/muslim:2732b,"1, 37, 11457, 18679",
98,https://sunnah.com/abudawud:4101,"1, 56, 2802, 10644",
